Time,SensorID,Rainfall,EMA10,Predict
2020-02-26,8,4.10,4.10,Safe
2020-03-27,9,10.90,5.30,Safe
2020-04-10,7,4.60,5.20,Safe
2020-04-29,6,50.00,13.30,Medium
2020-10-27,10,15.00,13.60,Safe
2020-10-30,12,13.20,13.60,Safe
2020-11-22,1,3.00,11.60,Safe
2020-12-13,5,1.80,9.90,Safe
2020-12-21,11,30.00,13.50,Medium
2021-01-03,2,0.90,11.20,Safe
2021-01-04,4,15.40,12.00,Safe
2021-01-05,3,7.80,11.20,Safe
2021-01-06,7,21.10,13.00,Safe
2021-01-07,5,8.60,12.20,Safe
2021-01-08,4,2.50,10.40,Safe
2021-01-09,2,13.50,11.00,Safe
2021-01-10,3,10.10,10.80,Safe
2021-01-11,8,22.10,12.90,Safe
2021-01-11,1,22.10,14.60,Medium
2021-01-12,12,8.70,13.50,Safe
2021-01-13,9,6.20,12.20,Safe
2021-01-14,10,0.80,10.10,Safe
2021-01-15,11,0.40,8.30,Safe
2021-01-16,6,0.70,6.90,Safe
2021-01-17,7,4.70,6.50,Safe
2021-01-18,4,28.40,10.50,Medium
2021-01-18,5,28.40,13.80,Medium
2021-01-19,1,24.90,15.80,Medium
2021-01-20,10,11.70,15.00,Medium
2021-01-21,9,6.80,13.50,Safe
2021-01-22,3,0.20,11.10,Safe
2021-01-24,8,21.10,12.90,Safe
2021-01-25,2,9.40,12.30,Safe
2021-01-26,11,29.60,15.40,High
2021-01-27,12,0.50,12.70,Safe
2021-01-28,6,30.90,16.00,High
2021-01-28,4,30.90,18.70,High
2021-01-29,7,18.20,18.60,Medium
2021-01-30,9,20.40,19.00,Medium
2021-01-31,3,12.30,17.70,Medium
2021-02-01,10,7.00,15.80,Medium
2021-02-02,5,15.70,15.80,Medium
2021-02-02,12,15.70,18.10,Medium
2021-02-03,1,19.40,16.40,Medium
2021-02-04,8,13.00,18.40,Medium
2021-02-04,11,13.00,15.30,Medium
2021-02-05,2,17.90,15.80,Medium
2021-02-06,9,41.10,20.40,High
2021-02-06,6,41.10,24.10,High
2021-02-06,7,41.10,27.20,High
2021-02-07,5,26.80,27.10,High
2021-02-07,4,26.80,27.10,High
2021-02-07,10,26.80,27.00,High
2021-02-07,1,26.80,27.00,High
2021-02-07,12,26.80,27.00,High
2021-02-07,3,26.80,26.90,High
2021-02-07,11,26.80,26.90,High
2021-02-07,8,26.80,26.90,High
2021-02-07,5,26.80,26.90,High
2021-02-07,4,26.80,26.80,High
2021-02-07,9,26.80,26.80,High
2021-02-07,2,26.80,26.80,High
2021-02-07,1,26.80,26.80,High
2021-02-08,6,23.10,26.40,Medium
2021-02-08,7,23.10,25.60,Medium
2021-02-08,12,23.10,25.10,Medium
2021-02-08,10,23.10,25.30,Medium
2021-02-08,11,23.10,24.50,Medium
2021-02-08,8,23.10,24.20,Medium
2021-02-08,3,23.10,24.00,Medium
2021-02-08,5,23.10,23.80,Medium
2021-02-08,4,23.10,23.70,Medium
2021-02-09,9,13.40,21.80,Medium
2021-02-09,2,13.40,20.30,Medium
2021-02-10,6,15.30,19.40,Medium
2021-02-11,12,10.10,17.70,Medium
2021-02-11,1,10.10,16.30,Medium
2021-02-11,10,10.10,15.20,Medium
2021-02-12,8,8.40,14.00,Safe
2021-02-13,7,4.60,12.30,Safe
2021-02-14,11,4.40,10.80,Safe
2021-02-15,3,5.30,9.80,Safe
2021-02-16,5,13.90,10.60,Safe
2021-02-17,9,7.00,9.90,Safe
2021-02-18,4,11.50,10.20,Safe
2021-02-19,6,26.60,13.20,Medium
2021-02-19,2,26.60,15.60,High
2021-02-19,8,26.60,17.60,High
2021-02-20,1,31.80,20.20,High
2021-02-20,12,31.80,22.30,High
2021-02-20,10,31.80,24.00,High
2021-02-20,7,31.80,25.40,High
2021-02-20,5,31.80,26.60,High
2021-02-20,11,31.80,28.20,High
2021-02-21,4,7.20,23.80,Medium
2021-02-21,3,7.20,25.80,Medium
2021-02-21,8,7.20,18.30,Medium
2021-02-21,9,7.20,16.30,Medium
2021-02-21,1,7.20,14.70,Medium
2021-02-21,2,7.20,13.30,Safe
2021-02-22,7,3.70,11.60,Safe
2021-02-22,6,3.70,11.40,Safe
2021-02-22,5,3.70,9.00,Safe
2021-02-23,10,1.10,7.50,Safe
2021-02-23,12,1.10,6.40,Safe
2021-02-24,4,10.40,7.10,Safe
2021-02-24,3,10.40,7.70,Safe
2021-02-24,1,10.40,8.20,Safe
2021-02-25,11,21.20,7.30,Safe
2021-02-25,9,21.20,12.50,Safe
2021-02-26,7,21.00,14.00,Safe
2021-02-27,8,30.30,17.00,High
2021-02-27,6,30.30,19.40,High
2021-02-28,4,2.20,16.30,Medium
2021-03-01,2,3.90,14.00,Safe
2021-03-01,12,3.90,12.20,Safe
2021-03-02,5,8.40,11.50,Safe
2021-03-03,10,3.70,10.10,Safe
2021-03-03,9,3.70,8.90,Safe
2021-03-04,3,5.20,8.20,Safe
2021-03-04,1,5.20,7.70,Safe
2021-03-05,11,13.20,8.70,Safe
2021-03-06,7,4.70,8.00,Safe
2021-03-06,8,4.70,7.40,Safe
2021-03-07,10,3.80,6.70,Safe
2021-03-08,4,11.00,7.50,Safe
2021-03-09,9,2.90,6.70,Safe
2021-03-10,6,4.30,6.20,Safe
2021-03-11,5,5.90,6.20,Safe
2021-03-11,12,5.90,6.20,Safe
2021-03-12,2,11.70,7.10,Safe
2021-03-13,11,3.80,6.50,Safe
2021-03-14,3,11.50,7.40,Safe
2021-03-15,7,3.50,6.70,Safe
2021-03-15,1,3.50,6.10,Safe
2021-03-16,8,24.80,9.50,Safe
2021-03-17,4,18.10,11.10,Safe
2021-03-18,3,99.00,27.10,High
2021-03-19,2,10.90,24.10,Medium
2021-03-20,6,2.10,20.10,Medium
2021-03-21,5,4.40,17.30,Medium
2021-03-22,10,10.30,16.00,Medium
2021-03-23,9,2.30,13.50,Safe
2021-03-24,12,14.20,13.60,Safe
2021-03-25,11,29.10,16.40,High
2021-03-26,7,1.80,13.80,Safe
2021-03-27,8,45.10,19.50,High
2021-03-28,4,15.00,18.70,Medium
2021-03-29,1,10.20,17.10,Medium
2021-03-30,6,19.80,17.60,Medium
2021-03-31,10,61.80,25.60,High
2021-04-01,9,42.70,28.70,High
2021-04-02,2,5.10,24.40,Medium
2021-04-03,5,59.40,30.80,High
2021-04-03,7,59.40,36.00,High
2021-04-04,12,3.50,30.10,Medium
2021-04-05,3,2.00,25.00,Medium
2021-04-06,8,10.60,22.40,Medium
2021-04-07,1,8.50,19.80,Medium
2021-04-08,4,4.10,17.00,Medium
2021-04-09,11,3.70,14.60,Medium
2021-04-10,2,2.70,12.40,Safe
2021-04-11,6,79.00,24.50,High
2021-04-11,12,79.00,34.40,High
2021-04-12,9,9.70,29.90,Medium
2021-04-13,5,8.10,26.00,Medium
2021-04-14,3,36.10,27.80,High
2021-04-15,10,33.80,28.90,High
2021-04-16,7,10.00,25.50,Medium
2021-04-17,1,9.30,22.50,Medium
2021-04-18,8,17.80,21.70,Medium
2021-04-19,9,27.70,22.80,High
2021-04-20,6,3.70,19.30,Medium
2021-04-21,11,3.80,16.50,Medium
2021-04-22,12,3.00,14.00,Safe
2021-04-22,4,3.00,12.00,Safe
2021-04-23,2,1.40,10.10,Safe
2021-04-24,10,3.00,8.80,Safe
2021-04-25,7,5.10,8.10,Safe
2021-04-26,3,4.70,7.50,Safe
2021-04-27,5,7.30,7.50,Safe
2021-04-27,9,7.30,7.40,Safe
2021-04-27,1,7.30,7.40,Safe
2021-04-27,6,7.30,7.40,Safe
2021-04-28,2,27.30,11.00,Medium
2021-04-28,8,27.30,14.00,Medium
2021-04-28,4,27.30,16.40,High
2021-04-28,12,27.30,18.40,High
2021-04-28,11,27.30,20.00,High
2021-04-28,3,27.30,21.30,High
2021-04-29,10,5.30,18.40,Medium
2021-04-30,1,5.20,16.00,Medium
2021-05-01,7,2.00,13.50,Safe
2021-05-02,5,4.00,11.70,Safe
2021-05-03,9,3.00,10.20,Safe
2021-05-04,6,8.50,9.90,Safe
2021-05-05,4,15.20,10.80,Safe
2021-05-06,12,42.80,14.10,High
2021-05-07,8,7.10,14.90,Medium
2021-05-07,2,7.10,13.50,Safe
2021-05-07,11,7.10,12.30,Safe
2021-05-07,10,7.10,11.40,Safe
2021-05-07,7,7.10,10.60,Safe
2021-05-08,1,11.10,10.70,Safe
2021-05-08,5,11.10,10.80,Safe
2021-05-08,12,11.10,10.80,Safe
2021-05-08,3,11.10,10.90,Safe
2021-05-08,9,11.10,10.90,Safe
2021-05-08,8,11.10,10.90,Safe
2021-05-08,4,11.10,11.00,Safe
2021-05-09,6,57.50,19.40,High
2021-05-09,2,57.50,20.00,High
2021-05-09,11,57.50,32.00,High
2021-05-09,1,57.50,36.70,High
2021-05-10,7,7.20,31.30,Medium
2021-05-10,10,7.20,26.90,Medium
2021-05-10,12,7.20,23.30,Medium
2021-05-10,5,7.20,20.40,Medium
2021-05-11,3,5.90,17.80,Medium
2021-05-12,9,6.00,15.60,Medium
2021-05-13,4,3.60,13.40,Safe
2021-05-14,2,5.30,12.00,Safe
2021-05-15,8,12.80,12.10,Safe
2021-05-15,6,12.80,12.20,Safe
2021-05-15,11,12.80,12.30,Safe
2021-05-15,7,12.80,12.40,Safe
2021-05-16,5,24.40,14.60,Medium
2021-05-16,10,24.40,16.40,Medium
2021-05-16,1,24.40,17.80,Medium
2021-05-16,2,24.40,19.00,Medium
2021-05-17,12,7.10,16.90,Medium
2021-05-17,4,7.10,15.10,Medium
2021-05-17,3,7.10,13.60,Safe
2021-05-17,8,7.10,12.40,Safe
2021-05-17,9,7.10,11.50,Safe
2021-05-18,6,20.50,13.10,Safe
2021-05-19,5,4.50,11.50,Safe
2021-05-19,7,4.50,10.30,Safe
2021-05-19,11,4.50,9.20,Safe
2021-05-19,10,4.50,8.40,Safe
2021-05-19,1,4.50,7.70,Safe
2021-05-19,12,4.50,7.10,Safe
2021-05-20,4,4.70,6.70,Safe
2021-05-20,8,4.70,6.30,Safe
2021-05-20,11,4.70,6.00,Safe
2021-05-20,2,4.70,5.80,Safe
2021-05-21,7,7.80,6.10,Safe
2021-05-21,1,7.80,6.40,Safe
2021-05-21,10,7.80,0.00,Safe
2021-05-22,5,9.50,7.20,Safe
2021-05-23,3,4.80,6.80,Safe
2021-05-24,9,15.90,8.40,Safe
2021-05-25,6,37.30,13.70,Medium
2021-05-26,11,2.20,11.60,Safe
2021-05-27,4,1.10,9.70,Safe
2021-05-28,12,4.20,8.70,Safe
2021-05-29,7,18.00,10.40,Safe
2021-05-29,10,18.00,11.80,Safe
2021-05-29,5,18.00,12.90,Safe
2021-05-29,2,18.00,13.80,Safe
2021-05-29,9,18.00,14.60,Medium
2021-05-30,8,5.30,12.90,Safe
2021-05-30,1,5.30,11.50,Safe
2021-05-31,3,28.60,14.60,High
2021-06-01,6,24.20,15.80,Medium
2021-06-02,12,29.30,18.70,High
2021-06-03,4,5.40,16.30,Medium
2021-06-04,9,3.60,4.00,Safe
2021-06-05,8,1.20,11.70,Safe
2021-06-06,11,28.10,14.70,High
2021-06-07,7,1.50,12.30,Safe
2021-06-08,3,3.50,10.70,Safe
2021-06-08,10,3.50,12.90,Safe
2021-06-09,5,4.90,8.60,Safe
2021-06-09,2,4.90,7.90,Safe
2021-06-09,12,4.90,0.00,Safe
2021-06-10,1,21.80,10.00,Safe
2021-06-10,9,21.80,12.10,Safe
2021-06-10,6,21.80,11.70,Safe
2021-06-10,4,21.80,10.00,Safe
2021-06-11,8,41.10,20.00,High
2021-06-11,7,41.10,23.80,High
2021-06-11,3,41.10,27.00,High
2021-06-12,11,5.00,23.00,Medium
2021-06-12,5,5.00,19.70,Medium
2021-06-12,1,5.00,17.00,Medium
2021-06-13,2,24.30,22.80,Medium
2021-06-13,10,24.30,19.40,Medium
2021-06-13,12,24.30,20.30,Medium
2021-06-13,6,24.30,21.00,Medium
2021-06-13,9,24.30,21.60,Medium
2021-06-13,7,24.30,20.20,Medium
2021-06-14,4,0.60,18.20,Medium
2021-06-15,1,3.50,15.50,Medium
2021-06-16,8,3.00,15.80,Medium
2021-06-17,11,14.20,13.40,Safe
2021-06-18,5,16.90,14.10,Medium
2021-06-19,2,13.10,13.90,Safe
2021-06-20,3,9.60,13.10,Safe
2021-06-21,9,0.80,10.90,Safe
2021-06-21,12,0.80,0.00,Safe
2021-06-21,10,0.80,7.50,Safe
2021-06-22,7,12.50,8.40,Safe
2021-06-23,1,26.60,0.00,Medium
2021-06-24,4,4.30,10.40,Safe
2021-06-25,8,12.90,10.80,Safe
2021-06-26,6,19.40,12.40,Safe
2021-06-27,3,10.10,12.00,Safe
2021-06-28,2,19.40,13.30,Safe
2021-06-29,5,23.00,15.10,Medium
2021-06-30,11,13.50,14.80,Medium
2021-07-01,9,7.60,13.50,Safe
2021-07-01,10,7.60,12.40,Safe
2021-07-02,12,0.20,10.20,Safe
2021-07-03,7,2.00,8.70,Safe
2021-07-04,4,2.00,7.50,Safe
2021-07-05,1,3.10,6.70,Safe
2021-07-06,6,9.10,7.10,Safe
2021-07-07,2,7.10,7.10,Safe
2021-07-09,9,3.30,6.40,Safe
2021-07-10,8,20.90,9.10,Safe
2021-07-11,5,3.50,8.00,Safe
2021-07-12,11,0.40,6.70,Safe
2021-07-13,3,1.40,5.70,Safe
2021-07-14,10,0.90,4.80,Safe
2021-07-15,12,1.20,4.20,Safe
2021-07-16,2,0.20,3.40,Safe
2021-07-17,7,5.60,3.80,Safe
2021-07-18,6,1.40,3.40,Safe
2021-07-19,8,3.90,3.50,Safe
2021-07-20,4,67.70,8.60,Medium
2021-07-20,5,67.70,24.70,High
2021-07-21,1,12.50,22.50,Medium
2021-07-22,9,5.70,19.40,Medium
2021-07-23,3,42.40,23.60,High
2021-07-23,11,42.40,27.00,High
2021-07-24,2,31.00,27.80,High
2021-07-25,12,0.40,22.80,Medium
2021-07-26,10,0.40,18.70,Medium
2021-07-28,8,1.10,15.50,Medium
2021-07-29,4,3.70,13.40,Safe
2021-07-30,1,2.40,11.40,Safe
2021-07-31,7,5.10,10.20,Safe
2021-07-31,6,5.10,9.30,Safe
2021-07-31,5,5.10,9.70,Safe
2021-07-31,3,5.10,7.90,Safe
2021-08-01,9,38.00,6.60,Medium
2021-08-01,2,38.00,17.90,High
2021-08-02,11,13.80,17.10,Medium
2021-08-03,12,3.50,14.60,Medium
2021-08-04,8,15.30,14.80,Medium
2021-08-05,4,7.30,13.40,Safe
2021-08-06,6,1.20,11.20,Safe
2021-08-07,10,4.10,9.90,Safe
2021-08-08,3,22.30,12.20,Safe
2021-08-08,7,22.30,14.00,Safe
2021-08-09,1,6.80,12.70,Safe
2021-08-09,9,6.80,11.60,Safe
2021-08-09,8,6.80,10.70,Safe
2021-08-09,5,6.80,10.00,Safe
2021-08-09,2,6.80,9.40,Safe
2021-08-09,10,6.80,9.00,Safe
2021-08-09,11,6.80,8.60,Safe
2021-08-10,4,6.10,9.80,Safe
2021-08-10,12,6.10,8.20,Safe
2021-08-11,1,2.10,6.70,Safe
2021-08-12,3,1.50,5.80,Safe
2021-08-13,6,9.10,6.40,Safe
2021-08-14,9,5.70,6.30,Safe
2021-08-15,7,0.70,5.20,Safe
2021-08-16,2,1.90,4.60,Safe
2021-08-17,10,5.20,4.70,Safe
2021-08-18,5,66.60,16.00,High
2021-08-19,8,18.90,11.80,Safe
2021-08-20,12,44.10,21.50,High
2021-08-21,4,21.10,21.50,Medium
2021-08-21,11,21.10,21.40,Medium
2021-08-22,3,1.70,17.80,Medium
2021-08-23,6,2.10,15.00,Medium
2021-08-24,9,3.80,12.90,Safe
2021-08-25,2,3.20,11.20,Safe
2021-08-26,1,4.20,9.90,Safe
2021-08-27,10,0.80,8.20,Safe
2021-08-28,5,0.80,6.90,Safe
2021-08-29,7,9.50,7.40,Safe
2021-08-30,8,5.10,7.00,Safe
2021-08-31,4,15.40,8.50,Safe
2021-09-01,12,2.30,7.40,Safe
2021-09-02,11,2.80,6.50,Safe
2021-09-03,1,0.70,5.50,Safe
2021-09-04,3,1.80,4.80,Safe
2021-09-05,6,1.50,4.20,Safe
2021-09-06,7,25.40,8.10,Safe
2021-09-06,10,25.40,11.20,Safe
2021-09-06,9,25.40,13.80,Safe
2021-09-07,2,42.50,19.00,High
2021-09-08,5,3.00,16.10,Medium
2021-09-08,8,3.00,13.20,Safe
2021-09-09,4,2.90,11.80,Safe
2021-09-10,12,1.20,0.00,Safe
2021-09-11,11,5.80,9.10,Safe
2021-09-12,3,38.10,14.40,High
2021-09-13,6,12.40,14.00,Safe
2021-09-14,10,7.00,12.70,Safe
2021-09-14,1,7.00,11.70,Safe
2021-09-14,9,7.00,10.80,Safe
2021-09-14,7,7.00,10.10,Safe
2021-09-14,2,7.00,9.60,Safe
2021-09-15,12,8.90,9.40,Safe
2021-09-16,8,3.20,8.30,Safe
2021-09-16,4,3.20,7.40,Safe
2021-09-17,5,3.40,6.70,Safe
2021-09-18,6,2.00,5.80,Safe
2021-09-19,11,25.80,7.40,Medium
2021-09-19,10,25.80,12.40,Medium
2021-09-20,3,5.10,11.10,Safe
2021-09-21,8,9.10,10.70,Safe
2021-09-22,12,17.30,11.90,Safe
2021-09-22,4,17.30,12.90,Safe
2021-09-22,7,17.30,13.70,Safe
2021-09-23,1,11.30,13.30,Safe
2021-09-24,9,22.60,15.00,Medium
2021-09-25,2,7.60,13.60,Safe
2021-09-25,5,7.60,12.50,Safe
2021-09-26,10,34.10,14.90,High
2021-09-26,6,34.10,1.00,Medium
2021-09-27,3,52.40,25.60,High
2021-09-28,2,9.50,22.70,Medium
2021-09-29,11,4.00,19.30,Medium
2021-09-30,7,6.00,18.90,Medium
2021-10-01,8,20.00,17.40,Medium
2021-10-02,12,1.90,14.60,Medium
2021-10-03,4,4.40,12.80,Safe
2021-10-04,9,6.70,11.70,Safe
2021-10-05,1,1.20,9.80,Safe
2021-10-06,5,1.90,8.30,Safe
2021-10-07,10,1.60,7.10,Safe
2021-10-08,6,3.90,6.50,Safe
2021-10-09,2,1.50,5.60,Safe
2021-10-10,8,9.50,6.30,Safe
2021-10-11,11,2.20,5.60,Safe
2021-10-12,12,5.10,5.50,Safe
2021-10-13,1,4.50,5.30,Safe
2021-10-14,3,1.70,4.60,Safe
2021-10-15,4,6.60,5.00,Safe
2021-10-16,9,8.90,5.70,Safe
2021-10-17,7,23.70,9.00,Safe
2021-10-18,5,14.70,10.00,Safe
2021-10-19,10,16.10,11.10,Safe
2021-10-19,6,16.10,12.00,Safe
2021-10-20,12,14.10,12.40,Safe
2021-10-21,2,25.50,14.80,High
2021-10-22,11,17.20,15.20,Medium
2021-10-23,3,4.40,13.30,Safe
2021-10-24,8,3.10,11.40,Safe
2021-10-25,10,16.60,15.20,Medium
2021-10-26,1,6.00,11.20,Safe
2021-10-26,6,6.00,10.30,Safe
2021-10-26,7,6.00,9.50,Safe
2021-10-26,4,6.00,8.80,Safe
2021-10-27,9,28.40,0.00,Medium
2021-10-28,5,16.50,13.10,Safe
2021-10-28,3,16.50,13.80,Safe
2021-10-28,8,16.50,14.30,Medium
2021-10-28,2,16.50,14.70,Medium
2021-10-28,9,16.50,15.00,Medium
2021-10-28,6,16.50,15.30,Medium
2021-10-28,4,16.50,15.60,Medium
2021-10-28,10,16.50,15.70,Medium
2021-10-28,12,16.50,15.80,Medium
2021-10-28,11,16.50,15.90,Medium
2021-10-28,5,16.50,16.00,Medium
2021-10-28,7,16.50,16.10,Medium
2021-10-29,1,33.50,19.30,High
2021-10-29,8,33.50,21.90,High
2021-10-30,3,20.90,21.70,Medium
2021-10-31,6,29.70,21.70,High
2021-10-31,9,29.70,23.00,High
2021-10-31,5,29.70,25.30,High
2021-11-01,10,26.80,25.60,High
2021-11-02,7,8.00,22.40,Medium
2021-11-03,4,25.60,23.00,High
2021-11-03,11,25.60,26.30,High
2021-11-04,2,53.80,29.00,High
2021-11-04,12,53.80,33.50,High
2021-11-05,8,10.10,29.20,Medium
2021-11-06,1,15.10,26.70,Medium
2021-11-06,9,15.10,24.60,Medium
2021-11-06,6,15.10,22.80,Medium
2021-11-07,2,29.10,24.00,High
2021-11-07,3,29.10,24.90,High
2021-11-07,5,29.10,25.70,High
2021-11-07,10,29.10,26.30,High
2021-11-07,7,29.10,26.80,High
2021-11-07,4,29.10,27.20,High
2021-11-07,11,29.10,27.60,High
2021-11-08,8,2.90,23.10,Medium
2021-11-09,1,35.40,25.30,High
2021-11-09,12,35.40,27.20,High
2021-11-10,2,17.30,25.40,Medium
2021-11-10,11,17.30,23.90,Medium
2021-11-11,6,1.40,19.80,Medium
2021-11-12,4,3.70,16.90,Medium
2021-11-13,9,8.10,15.30,Medium
2021-11-14,3,17.80,15.70,Medium
2021-11-15,5,8.20,14.40,Medium
2021-11-16,7,16.40,14.70,Medium
2021-11-17,10,12.30,14.30,Medium
2021-11-18,1,21.10,15.50,Medium
2021-11-19,8,15.00,12.10,Safe
2021-11-20,12,4.40,13.40,Safe
2021-11-21,4,4.10,11.70,Safe
2021-11-22,6,8.20,11.10,Safe
2021-11-23,5,29.30,14.40,High
2021-11-24,3,1.80,12.10,Safe
2021-11-25,2,2.10,10.30,Safe
2021-11-26,1,8.40,9.90,Safe
2021-11-27,11,20.50,11.90,Safe
2021-11-28,9,4.10,10.50,Safe
2021-11-29,10,3.50,9.20,Safe
2021-11-30,7,17.80,10.80,Safe
2021-12-01,8,3.30,9.40,Safe
2021-12-02,5,5.30,0.00,Safe
2021-12-03,12,8.90,8.70,Safe
2021-12-04,4,14.60,9.80,Safe
2021-12-05,3,8.00,9.40,Safe
2021-12-06,11,40.90,15.20,High
2021-12-06,6,40.90,19.80,High
2021-12-07,7,36.10,22.80,High
2021-12-07,2,36.10,25.20,High
2021-12-08,1,3.80,21.30,Medium
2021-12-09,8,11.20,19.50,Medium
2021-12-10,9,14.80,18.60,Medium
2021-12-10,10,14.80,17.90,Medium
2021-12-10,12,14.80,17.40,Medium
2021-12-11,5,7.70,15.60,Medium
2021-12-12,3,4.80,13.60,Safe
2021-12-13,11,4.20,11.90,Safe
2021-12-14,7,3.80,10.40,Safe
2021-12-15,4,8.20,10.00,Safe
2021-12-16,2,9.60,10.00,Safe
2021-12-16,8,9.60,9.90,Safe
2021-12-16,6,9.60,9.80,Safe
2021-12-16,9,9.60,9.80,Safe
2021-12-17,10,39.50,15.20,High
2021-12-17,1,39.50,19.60,High
2021-12-17,12,39.50,23.20,High
2021-12-18,11,0.30,19.10,Medium
2021-12-19,5,41.00,23.10,High
2021-12-20,7,21.40,22.80,Medium
2021-12-20,2,21.40,22.50,Medium
2021-12-20,3,21.40,22.30,Medium
2021-12-21,4,22.20,22.30,Medium
2021-12-22,6,7.80,19.70,Medium
2021-12-22,12,7.80,17.50,Medium
2021-12-23,9,13.90,16.80,Medium
2021-12-23,10,13.90,16.30,Medium
2021-12-24,8,5.70,14.40,Medium
2021-12-25,1,1.00,11.90,Safe
2021-12-26,3,4.90,10.70,Safe
2021-12-27,5,5.90,9.80,Safe
2021-12-28,2,9.50,9.70,Safe
2021-12-29,7,4.60,8.80,Safe
2021-12-30,11,10.30,9.10,Safe
2021-12-31,4,3.30,8.00,Safe
2022-01-01,9,3.40,7.20,Safe
2022-01-02,6,3.10,6.40,Safe
2022-01-03,1,0.50,5.40,Safe
2022-01-04,10,3.20,5.00,Safe
2022-01-05,12,2.80,4.60,Safe
2022-01-06,8,15.20,6.50,Safe
2022-01-07,7,7.20,6.60,Safe
2022-01-08,2,5.10,6.40,Safe
2022-01-09,3,13.70,7.70,Safe
2022-01-10,5,13.70,8.80,Safe
2022-01-11,4,24.90,11.70,Safe
2022-01-12,1,9.10,11.20,Safe
2022-01-13,10,4.20,10.00,Safe
2022-01-14,9,6.50,9.30,Safe
2022-01-15,11,5.30,8.60,Safe
2022-01-16,6,7.40,8.40,Safe
2022-01-17,12,3.60,7.50,Safe
2022-01-18,8,7.70,7.50,Safe
2022-01-19,7,12.40,8.40,Safe
2022-01-20,1,6.30,8.00,Safe
2022-01-21,5,10.20,8.40,Safe
2022-01-22,3,4.50,7.70,Safe
2022-01-23,10,6.20,7.40,Safe
2022-01-24,9,2.60,6.60,Safe
2022-01-25,2,4.20,6.10,Safe
2022-01-26,4,4.70,5.90,Safe
2022-01-27,6,3.30,5.40,Safe
2022-01-28,11,4.20,5.20,Safe
2022-01-30,12,2.70,4.70,Safe
2022-01-31,3,2.50,4.30,Safe
2022-02-01,1,2.10,3.90,Safe
2022-02-02,7,7.60,4.60,Safe
2022-02-03,8,11.80,5.90,Safe
2022-02-04,5,25.40,9.40,Safe
2022-02-05,2,26.50,12.50,Medium
2022-02-06,6,12.00,12.40,Safe
2022-02-07,10,13.30,12.60,Safe
2022-02-08,9,5.50,11.30,Safe
2022-02-09,4,7.10,10.50,Safe
2022-02-10,11,3.30,9.20,Safe
2022-02-11,1,2.20,8.00,Safe
2022-02-12,7,1.50,6.80,Safe
2022-02-13,8,0.30,5.60,Safe
2022-02-14,5,5.10,5.50,Safe
2022-02-15,12,0.30,4.60,Safe
2022-02-16,3,30.00,9.20,Medium
2022-02-16,10,30.00,13.00,Medium
2022-02-16,6,30.00,0.00,Medium
2022-02-16,2,30.00,18.60,High
2022-02-16,9,30.00,20.70,High
2022-02-17,11,20.80,20.70,Medium
2022-02-18,4,13.70,19.00,Medium
2022-02-19,7,4.40,16.70,Medium
2022-02-20,12,6.00,14.70,Medium
2022-02-21,8,4.60,12.90,Safe
2022-02-22,1,8.80,12.20,Safe
2022-02-22,5,8.80,11.50,Safe
2022-02-23,10,4.90,10.30,Safe
2022-02-23,3,4.90,9.30,Safe
2022-02-23,6,4.90,8.50,Safe
2022-02-24,7,2.70,7.50,Safe
2022-02-25,11,12.20,8.30,Safe
2022-02-26,12,12.80,9.10,Safe
2022-02-27,2,4.30,8.30,Safe
2022-02-28,9,7.30,8.10,Safe
2022-03-01,4,9.80,8.40,Safe
2022-03-02,8,2.60,7.30,Safe
2022-03-03,1,8.30,7.50,Safe
2022-03-04,5,7.00,7.40,Safe
2022-03-05,3,21.20,9.90,Safe
2022-03-06,10,11.50,10.20,Safe
2022-03-07,7,1.00,8.50,Safe
2022-03-08,4,9.90,8.80,Safe
2022-03-09,11,30.50,12.70,Medium
2022-03-10,8,20.00,14.10,Medium
2022-03-11,12,13.60,14.00,Safe
2022-03-12,6,18.90,14.90,Medium
2022-03-13,2,13.90,14.70,Medium
2022-03-14,5,18.40,15.40,Medium
2022-03-15,9,22.70,16.70,Medium
2022-03-16,3,7.30,15.00,Medium
2022-03-17,10,16.50,15.30,Medium
2022-03-18,1,33.50,18.60,High
2022-03-19,4,2.60,15.70,Medium
2022-03-21,11,1.50,13.10,Safe
2022-03-22,12,6.70,11.90,Safe
2022-03-23,6,8.00,11.20,Safe
2022-03-24,7,3.40,9.80,Safe
2022-03-25,9,2.20,8.40,Safe
2022-03-26,8,10.90,8.90,Safe
2022-03-27,2,6.50,8.40,Safe
2022-03-28,3,2.90,7.40,Safe
2022-03-29,5,1.40,6.30,Safe
2022-03-30,10,2.70,5.70,Safe
2022-03-31,12,5.70,5.70,Safe
2022-04-01,4,6.80,5.90,Safe
2022-04-02,1,10.00,6.60,Safe
2022-04-03,6,16.90,8.50,Safe
2022-04-04,9,15.80,9.80,Safe
2022-04-05,8,43.90,16.00,High
2022-04-06,11,10.00,14.90,Medium
2022-04-07,7,1.60,12.50,Safe
2022-04-08,2,4.40,11.00,Safe
2022-04-09,5,23.00,13.20,Safe
2022-04-10,12,2.00,11.20,Safe
2022-04-11,4,28.20,14.30,High
2022-04-12,1,63.40,23.20,High
2022-04-13,6,16.00,21.90,Medium
2022-04-15,3,17.10,21.00,Medium
2022-04-16,10,11.60,19.30,Medium
2022-04-17,9,13.90,18.30,Medium
2022-04-18,11,17.20,18.10,Medium
2022-04-19,8,9.20,16.50,Medium
2022-04-19,2,9.20,15.20,Medium
2022-04-20,7,5.70,13.40,Safe
2022-04-21,6,10.00,12.80,Safe
2022-04-22,5,3.70,11.20,Safe
2022-04-23,12,12.20,11.40,Safe
2022-04-24,1,10.30,11.20,Safe
2022-04-25,4,21.10,13.00,Safe
2022-04-26,3,4.60,11.40,Safe
2022-04-27,8,51.10,18.70,High
2022-04-27,11,51.10,24.60,High
2022-04-28,10,14.40,22.70,Medium
2022-04-29,9,5.50,19.60,Medium
2022-04-30,6,29.00,21.30,High
2022-05-01,5,6.90,18.70,Medium
2022-05-02,2,26.10,20.00,High
2022-05-03,1,1.90,16.70,Medium
2022-05-04,7,4.50,14.50,Medium
2022-05-04,4,4.50,12.70,Safe
2022-05-05,12,2.10,10.80,Safe
2022-05-06,8,3.20,9.40,Safe
2022-05-07,6,2.80,8.20,Safe
2022-05-08,10,3.60,7.40,Safe
2022-05-09,11,1.90,6.40,Safe
2022-05-10,3,2.40,5.60,Safe
2022-05-11,1,2.30,5.00,Safe
2022-05-12,5,9.50,5.80,Safe
2022-05-13,2,9.00,6.40,Safe
2022-05-14,12,4.40,6.10,Safe
2022-05-15,9,11.30,7.00,Safe
2022-05-15,4,11.30,7.80,Safe
2022-05-15,7,11.30,8.40,Safe
2022-05-16,8,2.40,7.30,Safe
2022-05-17,11,2.40,6.40,Safe
2022-05-18,5,16.30,0.00,Safe
2022-05-19,6,2.50,7.20,Safe
2022-05-20,10,26.90,10.80,Medium
2022-05-21,2,25.50,13.40,Medium
2022-05-22,1,8.70,12.60,Safe
2022-05-22,9,8.70,11.90,Safe
2022-05-22,12,8.70,11.30,Safe
2022-05-23,3,4.20,10.00,Safe
2022-05-24,4,12.30,10.40,Safe
2022-05-25,11,15.00,11.30,Safe
2022-05-26,5,0.30,9.30,Safe
2022-05-27,8,3.30,8.20,Safe
2022-05-28,7,1.40,6.90,Safe
2022-05-29,2,2.30,6.10,Safe
2022-05-30,12,3.40,5.60,Safe
2022-05-31,3,3.30,0.00,Safe
2022-06-01,9,5.10,5.20,Safe
2022-06-02,10,5.70,5.30,Safe
2022-06-03,6,1.60,4.60,Safe
2022-06-04,4,13.70,6.30,Safe
2022-06-05,1,22.20,9.20,Safe
2022-06-06,8,11.80,9.60,Safe
2022-06-06,7,11.80,10.00,Safe
2022-06-07,11,1.00,8.40,Safe
2022-06-08,5,19.10,10.30,Safe
2022-06-09,9,17.80,11.70,Safe
2022-06-10,10,4.50,10.40,Safe
2022-06-10,6,4.50,0.00,Safe
2022-06-11,2,25.00,12.20,Safe
2022-06-11,3,25.00,14.50,Medium
2022-06-12,12,22.90,16.00,Medium
2022-06-13,1,6.10,14.20,Medium
2022-06-14,7,8.50,13.20,Safe
2022-06-15,4,6.10,11.90,Safe
2022-06-16,8,4.90,10.60,Safe
2022-06-17,9,13.90,11.20,Safe
2022-06-18,11,12.70,11.50,Safe
2022-06-19,6,3.10,10.00,Safe
2022-06-20,3,18.90,11.60,Safe
2022-06-21,7,1.50,9.80,Safe
2022-06-22,5,6.10,9.10,Safe
2022-06-23,2,1.10,7.60,Safe
2022-06-24,1,2.30,6.70,Safe
2022-06-25,12,9.00,7.10,Safe
2022-06-26,10,31.70,11.60,Medium
2022-06-27,8,23.30,13.70,Safe
2022-06-28,4,16.60,14.20,Medium
2022-06-29,9,0.60,11.70,Safe
2022-06-30,6,2.70,10.10,Safe
2022-07-02,5,2.40,8.70,Safe
2022-07-03,12,7.60,8.50,Safe
2022-07-04,2,1.50,7.20,Safe
2022-07-05,1,5.20,6.90,Safe
2022-07-06,10,26.10,10.40,Medium
2022-07-07,11,1.10,8.70,Safe
2022-07-08,3,1.00,7.30,Safe
2022-07-09,7,2.50,6.40,Safe
2022-07-10,4,4.50,6.10,Safe
2022-07-11,8,1.90,5.30,Safe
2022-07-12,2,11.60,6.50,Safe
2022-07-13,10,6.10,6.40,Safe
2022-07-14,3,14.20,7.80,Safe
2022-07-15,9,63.40,17.90,High
2022-07-16,6,5.10,15.60,Medium
2022-07-17,5,12.50,15.00,Medium
2022-07-18,12,4.30,13.10,Safe
2022-07-19,1,2.30,11.10,Safe
2022-07-20,7,3.60,9.70,Safe
2022-07-21,11,2.10,8.40,Safe
2022-07-22,4,5.00,7.70,Safe
2022-07-23,2,6.60,7.50,Safe
2022-07-24,8,13.60,0.00,Safe
2022-07-24,10,13.60,9.50,Safe
2022-07-25,3,15.60,10.60,Safe
2022-07-26,9,7.40,10.10,Safe
2022-07-27,6,2.00,8.60,Safe
2022-07-28,11,1.80,7.40,Safe
2022-07-29,12,2.50,6.50,Safe
2022-07-30,5,2.10,5.70,Safe
2022-07-31,1,1.00,4.80,Safe
2022-08-01,7,2.10,4.30,Safe
2022-08-02,2,3.90,4.30,Safe
2022-08-02,4,3.90,4.20,Safe
2022-08-03,8,21.40,4.80,Safe
2022-08-04,9,3.00,6.50,Safe
2022-08-05,10,2.60,5.80,Safe
2022-08-06,3,2.00,5.10,Safe
2022-08-07,6,2.10,4.60,Safe
2022-08-08,11,3.00,4.30,Safe
2022-08-09,5,5.20,4.50,Safe
2022-08-10,12,1.70,4.00,Safe
2022-08-11,1,3.90,3.90,Safe
2022-08-12,9,3.70,3.90,Safe
2022-08-13,4,26.40,8.00,Medium
2022-08-14,7,10.30,8.40,Safe
2022-08-14,2,10.30,8.80,Safe
2022-08-15,6,11.10,9.20,Safe
2022-08-16,10,6.80,8.70,Safe
2022-08-17,8,2.90,7.70,Safe
2022-08-18,5,2.90,6.80,Safe
2022-08-19,12,1.20,5.80,Safe
2022-08-20,3,5.60,5.80,Safe
2022-08-21,11,43.90,12.70,Medium
2022-08-22,1,21.40,14.30,Medium
2022-08-24,4,5.20,12.60,Safe
2022-08-25,7,9.50,12.10,Safe
2022-08-26,10,5.10,10.80,Safe
2022-08-27,6,8.60,10.60,Safe
2022-08-28,9,13.30,5.00,Safe
2022-08-29,8,19.10,0.00,Safe
2022-08-30,12,4.10,10.90,Safe
2022-08-31,4,3.10,9.50,Safe
2022-09-01,2,14.90,10.50,Safe
2022-09-02,5,11.90,10.70,Safe
2022-09-03,11,2.70,9.30,Safe
2022-09-04,1,1.40,7.80,Safe
2022-09-05,3,7.60,7.80,Safe
2022-09-06,10,7.40,7.70,Safe
2022-09-07,7,11.30,8.40,Safe
2022-09-08,8,27.40,11.80,Medium
2022-09-09,6,43.30,17.60,High
2022-09-10,4,18.70,17.80,Medium
2022-09-11,1,27.60,19.60,High
2022-09-12,12,8.20,17.50,Medium
2022-09-12,5,8.20,15.80,Medium
2022-09-13,9,19.00,16.40,Medium
2022-09-14,2,1.10,13.60,Safe
2022-09-15,3,1.70,11.40,Safe
2022-09-16,11,9.70,16.50,Medium
2022-09-17,10,15.60,11.90,Safe
2022-09-17,8,15.60,12.60,Safe
2022-09-18,6,3.40,10.90,Safe
2022-09-19,7,3.00,9.50,Safe
2022-09-20,2,4.30,8.50,Safe
2022-09-21,12,2.40,7.40,Safe
2022-09-22,3,8.90,7.70,Safe
2022-09-23,4,11.90,8.50,Safe
2022-09-24,1,4.40,7.70,Safe
2022-09-25,5,2.20,6.70,Safe
2022-09-26,9,1.40,5.80,Safe
2022-09-27,8,8.00,6.20,Safe
2022-09-28,10,3.00,5.60,Safe
2022-09-29,11,5.10,5.50,Safe
2022-09-30,12,2.80,5.00,Safe
2022-10-01,7,14.20,6.70,Safe
2022-10-02,3,10.40,7.40,Safe
2022-10-03,2,18.60,9.40,Safe
2022-10-04,6,7.10,7.30,Safe
2022-10-05,4,36.90,14.10,High
2022-10-06,1,29.80,16.90,High
2022-10-07,5,50.20,23.00,High
2022-10-08,9,17.60,22.00,Medium
2022-10-09,6,34.60,24.30,High
2022-10-10,3,13.90,22.40,Medium
2022-10-11,2,14.40,20.90,Medium
2022-10-12,8,14.10,19.70,Medium
2022-10-12,10,14.10,18.70,Medium
2022-10-12,11,14.10,24.00,Medium
2022-10-12,5,14.10,17.20,Medium
2022-10-12,12,14.10,16.60,Medium
2022-10-13,4,42.60,21.30,High
2022-10-13,7,42.60,25.20,High
2022-10-14,1,15.00,23.30,Medium
2022-10-15,9,20.30,22.80,Medium
2022-10-16,2,26.60,23.50,High
2022-10-17,8,20.90,23.00,Medium
2022-10-18,6,39.30,26.00,High
2022-10-19,3,38.40,28.20,High
2022-10-20,4,21.20,27.00,Medium
2022-10-20,12,21.20,25.90,Medium
2022-10-21,11,30.00,26.70,High
2022-10-22,10,44.20,29.80,High
2022-10-23,2,9.70,26.20,Medium
2022-10-23,5,9.70,26.10,Medium
2022-10-24,7,10.80,24.50,Medium
2022-10-25,1,20.50,20.90,Medium
2022-10-26,8,10.50,19.00,Medium
2022-10-27,3,0.20,15.60,Medium
2022-10-28,9,0.40,12.80,Safe
2022-10-29,6,0.80,10.60,Safe
2022-10-30,12,1.00,8.90,Safe
2022-10-31,4,9.60,9.00,Safe
2022-11-01,5,4.20,8.10,Safe
2022-11-02,2,4.10,7.40,Safe
2022-11-03,11,4.10,6.80,Safe
2022-11-04,8,51.10,14.90,High
2022-11-05,10,31.30,17.80,High
2022-11-06,1,12.50,16.90,Medium
2022-11-07,3,28.50,19.00,High
2022-11-08,9,22.60,19.60,Medium
2022-11-09,7,18.40,19.40,Medium
2022-11-10,5,12.60,18.20,Medium
2022-11-11,12,2.90,15.40,Medium
2022-11-12,4,16.30,15.60,Medium
2022-11-13,6,56.60,23.00,High
2022-11-14,2,8.90,20.50,Medium
2022-11-15,11,8.90,18.40,Medium
2022-11-16,8,4.00,15.70,Medium
2022-11-17,7,17.50,16.10,Medium
2022-11-18,1,6.10,14.30,Medium
2022-11-19,10,3.10,12.20,Safe
2022-11-20,3,1.30,10.20,Safe
2022-11-21,6,1.60,8.70,Safe
2022-11-22,4,8.90,8.70,Safe
2022-11-23,12,16.30,10.10,Safe
2022-11-24,9,15.60,11.10,Safe
2022-11-25,5,2.30,9.50,Safe
2022-11-27,11,2.20,8.20,Safe
2022-11-28,1,4.00,7.40,Safe
2022-11-29,7,1.70,6.40,Safe
2022-11-30,8,2.90,5.70,Safe
2022-12-01,2,4.70,5.60,Safe
2022-12-02,12,4.40,5.30,Safe
2022-12-03,3,21.50,8.30,Safe
2022-12-04,6,46.20,15.20,High
2022-12-05,10,51.90,21.90,High
2022-12-06,4,9.70,19.60,Medium
2022-12-07,11,4.10,16.80,Medium
2022-12-08,9,4.50,14.60,Medium
2022-12-09,5,10.20,13.80,Safe
2022-12-10,12,3.40,11.90,Safe
2022-12-11,7,1.90,10.10,Safe
2022-12-12,2,6.60,9.40,Safe
2022-12-13,1,25.40,12.30,Safe
2022-12-14,4,20.20,13.80,Safe
2022-12-15,6,18.70,14.70,Medium
2022-12-16,8,8.60,13.60,Safe
2022-12-17,11,20.60,14.80,Medium
2022-12-18,3,10.10,14.00,Safe
2022-12-19,9,0.10,11.50,Safe
2022-12-20,10,10.00,11.20,Safe
2022-12-21,5,4.30,9.90,Safe
2022-12-22,2,12.10,10.30,Safe
2022-12-23,4,5.80,9.50,Safe
2022-12-24,8,3.00,8.30,Safe
2022-12-25,12,10.20,8.70,Safe
2022-12-26,7,13.10,9.50,Safe
2022-12-27,3,25.90,12.50,Medium
2022-12-28,1,43.90,18.20,High
2022-12-29,6,22.80,19.00,Medium
2022-12-30,11,3.00,16.10,Medium
2022-12-31,9,14.00,15.70,Medium
2023-01-01,2,12.40,15.10,Medium
2023-01-02,8,3.50,13.00,Safe
2023-01-03,5,13.30,16.20,Medium
2023-01-04,10,9.40,12.40,Safe
2023-01-05,4,1.40,10.40,Safe
2023-01-06,12,2.40,8.90,Safe
2023-01-07,3,1.80,7.60,Safe
2023-01-08,7,7.20,7.60,Safe
2023-01-09,9,8.00,7.60,Safe
2023-01-10,6,1.60,6.50,Safe
2023-01-11,2,2.40,5.80,Safe
2023-01-12,11,1.90,5.10,Safe
2023-01-13,1,3.90,4.90,Safe
2023-01-14,8,2.10,4.40,Safe
2023-01-15,12,3.30,4.20,Safe
2023-01-16,10,2.20,3.80,Safe
2023-01-17,5,14.30,5.70,Safe
2023-01-18,3,7.90,6.10,Safe
2023-01-19,4,15.30,7.80,Safe
2023-01-20,11,6.90,7.60,Safe
2023-01-21,6,11.50,8.30,Safe
2023-01-22,7,11.20,8.90,Safe
2023-01-23,9,8.40,8.80,Safe
2023-01-24,8,2.10,7.60,Safe
2023-01-25,12,30.70,11.80,Medium
2023-01-26,1,5.40,10.60,Safe
2023-01-27,2,7.00,10.00,Safe
2023-01-28,3,9.60,9.90,Safe
2023-01-29,11,12.40,10.30,Safe
2023-01-30,4,4.90,9.40,Safe
2023-01-31,10,1.10,7.90,Safe
2023-02-01,6,4.20,7.20,Safe
2023-02-02,5,6.10,7.00,Safe
2023-02-03,7,1.90,6.10,Safe
2023-02-04,8,3.40,5.60,Safe
2023-02-05,12,1.70,4.90,Safe
2023-02-06,9,1.20,4.20,Safe
2023-02-07,4,4.00,4.20,Safe
2023-02-08,1,5.20,4.40,Safe
2023-02-09,2,6.60,4.80,Safe
2023-02-10,3,28.30,9.00,Medium
2023-02-11,10,6.90,8.70,Safe
2023-02-12,11,33.30,0.00,Medium
2023-02-13,7,15.00,13.50,Safe
2023-02-14,8,14.20,13.60,Safe
2023-02-15,9,9.00,12.80,Safe
2023-02-16,5,12.80,12.80,Safe
2023-02-17,6,10.00,12.30,Safe
2023-02-18,1,11.70,12.20,Safe
2023-02-19,4,14.20,12.50,Safe
2023-02-20,12,4.80,11.10,Safe
2023-02-21,8,15.90,12.00,Safe
2023-02-22,3,10.20,11.70,Safe
2023-02-23,2,15.60,12.40,Safe
2023-02-24,10,11.90,0.00,Safe
2023-02-25,6,16.10,13.00,Safe
2023-02-26,11,19.60,13.00,Safe
2023-02-27,7,19.20,15.10,Medium
2023-02-28,5,20.30,16.00,Medium
2023-03-01,9,17.90,16.40,Medium
2023-03-02,8,41.40,18.80,High
2023-03-03,1,12.30,19.40,Medium
2023-03-04,12,12.60,18.10,Medium
2023-03-05,4,10.60,16.80,Medium
2023-03-06,10,3.80,14.40,Medium
2023-03-07,2,2.20,12.20,Safe
2023-03-08,7,20.60,13.70,Safe
2023-03-09,3,29.40,16.60,High
2023-03-10,6,9.90,15.40,Medium
2023-03-10,11,9.90,14.40,Medium
2023-03-11,4,6.60,11.80,Safe
2023-03-12,1,2.30,11.00,Safe
2023-03-13,9,3.10,9.60,Safe
2023-03-14,5,12.70,5.00,Safe
2023-03-15,8,12.20,10.50,Safe
2023-03-16,2,5.50,9.60,Safe
2023-03-17,12,14.30,10.50,Safe
2023-03-17,10,14.30,11.20,Safe
2023-03-18,7,17.90,0.00,Safe
2023-03-19,3,5.90,11.20,Safe
2023-03-20,6,37.00,12.50,Medium
2023-03-20,8,37.00,19.70,High
2023-03-21,5,9.70,17.90,Medium
2023-03-21,1,9.70,16.40,Medium
2023-03-22,9,20.20,17.10,Medium
2023-03-23,11,9.60,15.70,Medium
2023-03-24,7,28.60,18.10,High
2023-03-25,4,1.00,15.00,Medium
2023-03-26,2,16.90,15.30,Medium
2023-03-27,10,1.80,12.90,Safe
2023-03-28,3,2.30,10.90,Safe
2023-03-29,12,4.00,9.70,Safe
2023-03-30,6,11.60,10.00,Safe
2023-03-31,8,6.60,9.40,Safe
2023-04-01,7,11.10,9.70,Safe
2023-04-02,5,2.00,8.30,Safe
2023-04-03,11,3.30,7.40,Safe
2023-04-04,1,1.80,6.40,Safe
2023-04-05,9,0.10,5.20,Safe
2023-04-07,2,1.30,4.50,Safe
2023-04-08,4,2.00,4.10,Safe
2023-04-09,10,5.50,4.30,Safe
2023-04-10,12,0.40,3.60,Safe
2023-04-11,3,8.90,4.60,Safe
2023-04-12,11,4.70,4.60,Safe
2023-04-13,5,2.40,4.20,Safe
2023-04-14,7,3.60,4.10,Safe
2023-04-15,8,16.70,6.40,Safe
2023-04-16,6,7.00,6.50,Safe
2023-04-17,9,5.60,6.30,Safe
2023-04-18,1,15.40,8.00,Safe
2023-04-19,10,20.70,10.30,Safe
2023-04-20,3,33.30,14.50,High
2023-04-21,2,11.30,13.90,Safe
2023-04-22,4,13.60,13.80,Safe
2023-04-23,11,5.20,12.30,Safe
2023-04-24,5,19.10,13.50,Safe
2023-04-25,6,20.20,0.00,Safe
2023-04-26,12,23.60,0.00,Safe
2023-04-27,8,5.90,14.40,Medium
2023-04-28,10,9.00,13.50,Safe
2023-04-29,7,3.80,11.70,Safe
2023-04-30,9,10.10,11.40,Safe
2023-05-01,3,3.60,10.00,Safe
2023-05-02,1,10.40,11.10,Safe
2023-05-03,11,34.20,14.50,High
2023-05-03,2,34.20,18.00,High
2023-05-04,5,67.00,26.90,High
2023-05-05,6,18.70,19.70,Medium
2023-05-06,12,10.40,22.70,Medium
2023-05-07,4,34.20,24.80,High
2023-05-08,8,12.50,22.60,Medium
2023-05-09,11,1.60,18.80,Medium
2023-05-10,3,1.50,15.60,Medium
2023-05-11,2,1.00,13.00,Safe
2023-05-12,6,0.10,10.60,Safe
2023-05-13,10,28.40,13.90,Medium
2023-05-14,7,3.80,12.00,Safe
2023-05-15,9,2.50,10.30,Safe
2023-05-16,5,5.00,9.30,Safe
2023-05-17,12,2.80,8.10,Safe
2023-05-18,1,5.20,7.60,Safe
2023-05-19,4,4.70,7.10,Safe
2023-05-20,3,6.60,7.00,Safe
2023-05-21,10,2.50,6.20,Safe
2023-05-22,11,1.70,5.40,Safe
2023-05-23,8,6.20,5.50,Safe
2023-05-24,5,6.70,5.70,Safe
2023-05-25,9,11.50,6.80,Safe
2023-05-26,2,6.50,6.70,Safe
2023-05-27,1,4.20,6.30,Safe
2023-05-28,6,3.70,5.80,Safe
2023-05-29,12,2.70,5.20,Safe
2023-05-30,7,5.40,5.30,Safe
2023-05-31,4,1.20,4.50,Safe
2023-06-01,10,8.80,5.30,Safe
2023-06-02,3,5.40,5.30,Safe
2023-06-03,8,4.60,5.20,Safe
2023-06-04,9,4.20,5.00,Safe
2023-06-05,5,3.80,4.80,Safe
2023-06-06,11,8.70,5.50,Safe
2023-06-07,12,16.40,7.50,Safe
2023-06-08,6,10.60,8.00,Safe
2023-06-09,1,4.40,7.40,Safe
2023-06-10,2,4.50,6.90,Safe
2023-06-11,7,2.80,6.10,Safe
2023-06-12,4,1.90,5.40,Safe
2023-06-13,5,5.30,5.30,Safe
2023-06-14,10,10.90,6.40,Safe
2023-06-15,3,3.60,5.90,Safe
2023-06-16,8,5.10,5.70,Safe
2023-06-17,11,4.00,5.40,Safe
2023-06-18,2,4.30,5.20,Safe
2023-06-19,12,17.40,7.40,Safe
2023-06-20,9,11.60,8.20,Safe
2023-06-20,1,11.60,0.00,Safe
2023-06-21,4,7.20,8.50,Safe
2023-06-22,6,4.00,7.70,Safe
2023-06-23,5,11.10,8.30,Safe
2023-06-24,7,2.90,7.30,Safe
2023-06-25,2,2.50,6.40,Safe
2023-06-25,10,2.50,5.70,Safe
2023-06-26,3,2.30,5.10,Safe
2023-06-27,12,1.50,4.50,Safe
2023-06-28,11,3.80,4.30,Safe
2023-06-29,8,9.30,5.20,Safe
2023-06-30,9,4.40,5.10,Safe
2023-07-01,1,14.10,6.70,Safe
2023-07-02,5,1.70,5.80,Safe
2023-07-03,6,3.40,5.40,Safe
2023-07-04,7,4.90,5.30,Safe
2023-07-05,2,7.10,5.60,Safe
2023-07-06,4,21.30,8.50,Safe
2023-07-07,3,7.50,8.30,Safe
2023-07-08,12,13.80,9.30,Safe
2023-07-09,10,7.50,9.00,Safe
2023-07-10,5,12.90,9.70,Safe
2023-07-11,7,0.50,8.00,Safe
2023-07-12,11,3.20,7.10,Safe
2023-07-13,4,7.00,7.10,Safe
2023-07-14,9,7.60,7.20,Safe
2023-07-15,8,4.90,6.80,Safe
2023-07-16,1,2.30,6.00,Safe
2023-07-17,6,1.20,5.10,Safe
2023-07-19,3,2.00,4.50,Safe
2023-07-21,2,1.80,4.00,Safe
2023-07-22,12,5.30,4.30,Safe
2023-07-23,5,3.00,4.00,Safe
2023-07-24,10,1.80,3.60,Safe
2023-07-25,11,5.40,4.00,Safe
2023-07-26,4,9.40,4.90,Safe
2023-07-27,7,4.80,4.90,Safe
2023-07-28,1,10.80,6.00,Safe
2023-07-29,6,2.50,5.40,Safe
2023-07-30,12,2.50,4.80,Safe
2023-08-02,3,5.20,4.90,Safe
2023-08-03,8,5.80,5.10,Safe
2023-08-04,9,3.30,4.70,Safe
2023-08-05,2,3.20,4.50,Safe
2023-08-06,5,1.80,4.00,Safe
2023-08-07,7,2.00,3.60,Safe
2023-08-08,4,3.00,3.50,Safe
2023-08-09,10,3.60,3.50,Safe
2023-08-10,11,1.20,3.10,Safe
2023-08-11,1,1.30,2.80,Safe
2023-08-12,6,1.50,2.50,Safe
2023-08-13,8,1.20,2.30,Safe
2023-08-14,5,2.00,2.20,Safe
2023-08-15,2,1.60,2.10,Safe
2023-08-16,12,3.10,2.30,Safe
2023-08-17,9,1.50,2.20,Safe
2023-08-18,3,0.70,1.90,Safe
2023-08-19,7,2.40,2.00,Safe
2023-08-20,10,3.80,2.30,Safe
2023-08-21,4,0.80,2.00,Safe
2023-08-22,6,2.10,2.10,Safe
2023-08-23,12,5.10,2.60,Safe
2023-08-24,1,2.40,2.60,Safe
2023-08-25,2,3.70,2.80,Safe
2023-08-26,11,1.90,2.60,Safe
2023-08-27,8,4.60,3.00,Safe
2023-08-28,5,9.00,4.10,Safe
2023-08-29,9,6.40,4.50,Safe
2023-08-30,3,0.90,3.80,Safe
2023-08-31,6,0.60,3.30,Safe
2023-09-01,7,0.70,2.80,Safe
2023-09-02,4,2.10,2.70,Safe
2023-09-03,12,3.70,2.90,Safe
2023-09-05,10,0.10,2.40,Safe
2023-09-08,1,2.70,2.40,Safe
2023-09-09,11,4.80,2.80,Safe
2023-09-10,8,2.50,2.80,Safe
2023-09-11,2,0.60,2.40,Safe
2023-09-12,5,1.00,2.10,Safe
2023-09-13,7,0.80,1.90,Safe
2023-09-14,9,4.00,2.30,Safe
2023-09-15,10,0.30,1.90,Safe
2023-09-16,3,3.90,2.30,Safe
2023-09-17,6,6.20,3.00,Safe
2023-09-18,4,8.10,3.90,Safe
2023-09-19,12,16.80,6.30,Safe
2023-09-20,8,8.80,6.70,Safe
2023-09-21,5,1.80,5.80,Safe
2023-09-22,1,0.80,4.90,Safe
2023-09-23,9,1.10,4.20,Safe
2023-09-24,11,1.30,3.70,Safe
2023-09-25,2,5.10,3.90,Safe
2023-09-28,10,0.30,3.30,Safe
2023-09-29,6,14.70,5.40,Safe
2023-09-30,3,0.80,4.50,Safe
2023-10-01,7,0.80,3.90,Safe
2023-10-02,8,0.70,3.30,Safe
2023-10-03,12,2.10,3.10,Safe
2023-10-04,11,2.30,2.90,Safe
2023-10-05,1,3.00,2.90,Safe
2023-10-06,4,5.80,3.50,Safe
2023-10-07,5,3.00,3.40,Safe
2023-10-08,7,3.50,3.40,Safe
2023-10-09,10,7.10,4.10,Safe
2023-10-10,9,11.60,5.40,Safe
2023-10-11,2,1.30,4.70,Safe
2023-10-12,6,0.30,3.90,Safe
2023-10-13,11,4.90,4.10,Safe
2023-10-14,3,1.60,3.60,Safe
2023-10-15,8,3.10,3.50,Safe
2023-10-16,12,2.50,3.30,Safe
2023-10-17,4,1.60,3.00,Safe
2023-10-19,1,1.60,2.80,Safe
2023-10-20,5,14.10,4.80,Safe
2023-10-21,7,12.10,6.10,Safe
2023-10-22,9,11.30,7.10,Safe
2023-10-23,10,2.10,6.20,Safe
2023-10-24,2,26.20,9.80,Medium
2023-10-25,6,38.30,15.00,High
2023-10-26,3,17.50,15.50,Medium
2023-10-27,8,3.00,13.20,Safe
2023-10-28,5,6.20,11.90,Safe
2023-10-29,4,0.60,9.90,Safe
2023-10-30,11,2.20,8.50,Safe
2023-10-31,1,8.10,8.40,Safe
2023-11-01,12,13.60,9.30,Safe
2023-11-02,2,7.50,9.00,Safe
2023-11-03,7,5.00,8.30,Safe
2023-11-04,9,13.00,9.10,Safe
2023-11-04,3,13.00,9.80,Safe
2023-11-05,4,17.40,0.00,Safe
2023-11-06,6,15.60,12.00,Safe
2023-11-07,10,2.00,10.20,Safe
2023-11-08,8,4.00,9.10,Safe
2023-11-09,1,11.40,9.50,Safe
2023-11-10,5,3.10,8.30,Safe
2023-11-11,7,25.10,11.40,Safe
2023-11-12,12,28.70,14.50,High
2023-11-13,11,5.50,12.90,Safe
2023-11-14,2,20.50,14.30,Medium
2023-11-15,4,11.30,13.70,Safe
2023-11-16,10,10.40,13.10,Safe
2023-11-17,9,34.90,17.10,High
2023-11-18,3,4.50,14.80,Medium
2023-11-19,5,2.60,12.60,Safe
2023-11-20,6,6.20,11.40,Safe
2023-11-21,1,16.90,12.40,Safe
2023-11-22,8,12.40,12.40,Safe
2023-11-23,12,9.70,11.90,Safe
2023-11-24,11,44.00,17.80,High
2023-11-24,7,44.00,22.50,High
2023-11-24,4,44.00,21.90,High
2023-11-25,10,25.50,26.30,High
2023-11-26,2,9.90,23.30,Medium
2023-11-27,3,13.00,21.40,Medium
2023-11-28,6,29.90,23.00,High
2023-11-29,9,10.20,20.60,Medium
2023-11-29,1,10.20,18.70,Medium
2023-11-30,5,51.40,28.20,High
2023-11-30,11,51.40,29.00,High
2023-12-01,4,10.90,26.10,Medium
2023-12-02,8,11.30,23.40,Medium
2023-12-03,12,16.10,22.10,Medium
2023-12-04,10,20.40,21.80,Medium
2023-12-05,3,15.10,20.60,Medium
2023-12-06,7,42.90,24.60,High
2023-12-07,2,1.90,20.50,Medium
2023-12-08,11,53.60,26.50,High
2023-12-09,5,14.50,24.30,Medium
2023-12-10,6,5.00,20.80,Medium
2023-12-11,9,2.80,17.50,Medium
2023-12-12,1,2.70,14.80,Medium
2023-12-13,2,3.30,12.70,Safe
2023-12-14,10,1.00,10.60,Safe
2023-12-15,4,0.10,8.70,Safe
2023-12-16,12,1.90,7.50,Safe
2023-12-17,8,5.20,7.10,Safe
2023-12-18,11,5.90,6.80,Safe
2023-12-19,3,0.20,5.60,Safe
2023-12-22,7,1.20,4.80,Safe
2023-12-23,5,7.40,5.30,Safe
2023-12-24,9,23.00,8.50,Safe
2023-12-25,10,33.70,13.10,Medium
2023-12-26,1,27.40,15.70,High
2023-12-27,6,28.80,18.10,High
2023-12-28,11,30.90,20.40,High
2023-12-29,2,17.30,19.80,Medium
2023-12-30,7,38.10,23.20,High
2023-12-31,5,43.10,26.80,High
2024-01-01,4,23.60,26.20,Medium
2024-01-02,9,19.90,25.10,Medium
2024-01-03,8,25.70,25.20,High
2024-01-04,12,21.40,24.50,Medium
2024-01-05,3,6.40,21.20,Medium
2024-01-06,1,9.20,19.00,Medium
2024-01-07,6,48.00,24.30,High
2024-01-08,11,17.60,23.10,Medium
2024-01-09,5,11.50,21.00,Medium
2024-01-10,10,40.40,24.50,High
2024-01-11,2,27.90,25.10,High
2024-01-12,7,8.00,22.00,Medium
2024-01-13,12,0.80,18.20,Medium
2024-01-14,8,2.10,15.20,Medium
2024-01-15,4,3.10,13.00,Safe
2024-01-16,1,5.90,11.70,Safe
2024-01-17,9,11.40,11.70,Safe
2024-01-18,3,8.60,11.10,Safe
2024-01-19,10,24.40,13.50,Safe
2024-01-21,5,2.70,11.60,Safe
2024-01-22,6,1.50,9.70,Safe
2024-01-23,7,0.60,8.10,Safe
2024-01-24,11,4.40,7.40,Safe
2024-01-25,12,3.00,6.60,Safe
2024-01-26,2,6.60,6.60,Safe
2024-01-27,4,10.90,7.40,Safe
2024-01-28,8,5.30,7.00,Safe
2024-01-29,9,7.80,7.10,Safe
2024-01-30,1,12.50,8.10,Safe
2024-01-31,3,47.50,15.30,High
2024-02-01,10,16.90,15.60,Medium
2024-02-02,7,2.10,13.10,Safe
2024-02-03,6,31.00,16.40,High
2024-02-04,2,6.90,14.70,Medium
2024-02-05,12,24.90,16.50,Medium
2024-02-06,5,17.90,16.80,Medium
2024-02-08,1,2.50,14.20,Medium
2024-02-09,8,15.40,14.40,Medium
2024-02-10,11,11.90,13.90,Safe
2024-02-11,4,20.20,15.10,Medium
2024-02-12,9,3.00,12.90,Safe
2024-02-13,7,3.70,11.20,Safe
2024-02-14,3,8.00,10.60,Safe
2024-02-15,6,13.30,11.10,Safe
2024-02-16,10,35.90,15.60,High
2024-02-17,5,37.00,19.50,High
2024-02-18,2,17.60,19.20,Medium
2024-02-19,12,26.20,20.40,High
2024-02-20,9,16.80,19.80,Medium
2024-02-21,8,15.60,19.00,Medium
2024-02-22,1,2.50,16.00,Medium
2024-02-23,4,2.50,13.60,Safe
2024-02-24,11,5.10,12.00,Safe
2024-02-25,7,10.50,11.70,Safe
2024-02-26,3,1.10,9.80,Safe
2024-02-27,12,22.80,12.20,Safe
2024-02-28,2,48.60,18.80,High
2024-02-29,6,28.00,20.50,High
2024-03-01,10,25.80,21.40,High
2024-03-02,5,23.10,21.70,Medium
2024-03-03,9,20.90,21.60,Medium
2024-03-04,8,14.50,20.30,Medium
2024-03-05,4,1.80,16.90,Medium
2024-03-06,1,18.30,17.20,Medium
2024-03-07,11,16.50,17.10,Medium
2024-03-08,6,19.60,17.50,Medium
2024-03-09,2,11.40,16.40,Medium
2024-03-10,3,2.40,13.90,Safe
2024-03-11,7,9.20,13.00,Safe
2024-03-12,12,15.00,13.40,Safe
2024-03-13,9,18.10,14.20,Medium
2024-03-14,5,18.10,14.90,Medium
2024-03-15,10,8.20,13.70,Safe
2024-03-16,8,24.10,15.60,Medium
2024-03-17,11,18.30,16.10,Medium
2024-03-18,4,2.30,13.60,Safe
2024-03-19,1,0.40,11.20,Safe
2024-03-20,2,0.80,9.30,Safe
2024-03-21,3,1.80,7.90,Safe
2024-03-22,6,7.50,7.90,Safe
2024-03-23,12,18.00,9.70,Safe
2024-03-24,9,4.60,8.80,Safe
2024-03-25,7,12.90,9.50,Safe
2024-03-26,5,17.00,10.90,Safe
2024-03-27,10,36.60,15.60,High
2024-03-28,8,19.80,16.30,Medium
2024-03-29,4,10.00,15.20,Medium
2024-03-30,11,11.80,14.60,Medium
2024-03-31,2,10.40,13.80,Safe
2024-04-01,6,35.70,17.80,High
2024-04-02,3,23.00,18.70,Medium
2024-04-03,12,13.00,17.70,Medium
2024-04-04,1,55.70,24.60,High
2024-04-05,9,10.40,22.00,Medium
2024-04-06,5,6.10,19.10,Medium
2024-04-07,8,2.20,16.00,Medium
2024-04-08,7,2.50,13.60,Safe
2024-04-09,6,7.60,12.50,Safe
2024-04-10,11,19.10,13.70,Safe
2024-04-11,10,12.10,13.40,Safe
2024-04-12,3,34.00,17.20,High
2024-04-13,2,4.40,14.80,Medium
2024-04-14,1,29.70,17.50,High
2024-04-15,12,19.40,17.90,Medium
2024-04-16,4,5.10,15.60,Medium
2024-04-17,7,9.20,14.40,Medium
2024-04-18,9,1.60,12.10,Safe
2024-04-19,5,15.90,12.80,Safe
2024-04-20,6,11.60,12.60,Safe
2024-04-21,11,5.90,11.30,Safe
2024-04-22,8,10.70,11.20,Safe
2024-04-23,4,20.80,13.00,Safe
2024-04-24,3,16.60,13.60,Safe
2024-04-25,2,37.00,17.90,High
2024-04-26,1,6.10,15.70,Medium
2024-04-27,12,17.70,16.10,Medium
2024-04-28,7,3.00,13.70,Safe
2024-04-29,10,5.40,12.20,Safe
2024-04-30,11,1.70,10.30,Safe
2024-05-01,5,7.80,9.80,Safe
2024-05-02,9,7.30,9.40,Safe
2024-05-03,4,2.60,8.10,Safe
2024-05-04,3,12.20,8.90,Safe
2024-05-05,6,3.70,7.90,Safe
2024-05-06,2,27.90,11.60,Medium
2024-05-07,8,4.20,10.20,Safe
2024-05-08,12,4.50,9.20,Safe
2024-05-09,1,7.30,8.80,Safe
2024-05-10,10,9.10,8.90,Safe
2024-05-11,5,21.70,11.20,Safe
2024-05-12,7,13.60,11.70,Safe
2024-05-13,3,23.00,13.70,Safe
2024-05-14,11,15.00,13.90,Safe
2024-05-15,9,0.60,11.50,Safe
2024-05-16,4,4.30,10.20,Safe
2024-05-17,2,7.90,9.80,Safe
2024-05-18,8,29.20,13.30,Medium
2024-05-19,1,7.30,12.20,Safe
2024-05-20,10,13.20,12.40,Safe
2024-05-21,6,10.40,12.00,Safe
2024-05-22,5,19.30,13.40,Safe
2024-05-23,7,9.40,12.60,Safe
2024-05-24,12,115.10,31.30,High
2024-05-25,2,21.20,5.00,Safe
2024-05-26,9,16.50,27.10,Medium
2024-05-27,3,5.40,23.10,Medium
2024-05-28,11,4.30,19.70,Medium
2024-05-29,10,2.70,16.60,Medium
2024-05-30,8,2.60,14.10,Medium
2024-05-31,4,2.70,12.00,Safe
2024-06-01,1,3.70,10.50,Safe
2024-06-02,6,11.80,10.70,Safe
2024-06-03,5,4.70,9.60,Safe
2024-06-04,12,3.80,8.60,Safe
2024-06-05,2,0.10,7.00,Safe
2024-06-06,7,2.20,6.20,Safe
2024-06-07,3,3.70,5.70,Safe
2024-06-08,9,3.10,5.20,Safe
2024-06-09,11,3.60,4.90,Safe
2024-06-10,8,3.30,4.60,Safe
2024-06-11,10,12.30,6.00,Safe
2024-06-12,1,20.50,8.70,Safe
2024-06-13,6,3.80,7.80,Safe
2024-06-14,2,5.30,7.30,Safe
2024-06-15,4,6.20,7.10,Safe
2024-06-16,7,4.60,6.70,Safe
2024-06-17,12,2.60,5.90,Safe
2024-06-18,3,5.80,5.90,Safe
2024-06-19,9,6.90,6.10,Safe
2024-06-20,5,1.40,5.20,Safe
2024-06-21,10,2.80,4.80,Safe
2024-06-22,1,1.70,4.20,Safe
2024-06-24,2,7.20,4.80,Safe
2024-06-25,11,22.90,8.10,Safe
2024-06-26,9,1.20,6.80,Safe
2024-06-27,6,3.30,6.20,Safe
2024-06-28,4,12.00,7.20,Safe
2024-06-29,8,26.30,10.70,Medium
2024-06-30,7,9.50,10.50,Safe
2024-07-01,3,23.40,12.80,Safe
2024-07-02,5,8.30,12.00,Safe
